;niggas ya im;has there because;should oh call;had their day;shut stupid white;yankees bird charlie;only man still;ain't can't it's
ain't can't it's;0.9630228602;0.47703399290000004;0.5645058069000001;0.73344175;0.2020621044;0.262183379;0.8246467501;1.0
had their day;0.6392609608;0.9286245310000001;0.8769452962000001;1.0;0.4177024317;0.7829479527000001;0.9199207405000001;0.73344175
has there because;0.3368078771;1.0;0.8185225802;0.9286245310000001;0.35214493890000004;0.9370656035;0.7500609271;0.47703399290000004
niggas ya im;1.0;0.3368078771;0.566654756;0.6392609608;0.34829266600000003;0.06607816300000001;0.8238063501;0.9630228602
only man still;0.8238063501;0.7500609271;0.9224324997000001;0.9199207405000001;0.6330647926;0.4935971521;1.0;0.8246467501
should oh call;0.566654756;0.8185225802;1.0;0.8769452962000001;0.7935161532;0.5864689771;0.9224324997000001;0.5645058069000001
shut stupid white;0.34829266600000003;0.35214493890000004;0.7935161532;0.4177024317;1.0;0.0750151097;0.6330647926;0.2020621044
yankees bird charlie;0.06607816300000001;0.9370656035;0.5864689771;0.7829479527000001;0.0750151097;1.0;0.4935971521;0.262183379
